game_date,school_id,opp_id,tourn
1985-03-14,31.0,312.0,1
1985-03-14,37.0,559.0,1
1985-03-14,251.0,352.0,1
1985-03-14,299.0,657.0,1
1985-03-14,328.0,519.0,1
1985-03-14,334.0,756.0,1
1985-03-14,366.0,545.0,1
1985-03-14,310.0,371.0,1
1985-03-14,419.0,457.0,1
1985-03-14,513.0,528.0,1
1985-03-14,311.0,518.0,1
1985-03-14,488.0,522.0,1
1985-03-14,523.0,663.0,1
1985-03-14,603.0,665.0,1
1985-03-14,690.0,742.0,1
1985-03-14,465.0,626.0,1
1985-03-15,8.0,29.0,1
1985-03-15,67.0,700.0,1
1985-03-15,193.0,541.0,1
1985-03-15,257.0,782.0,1
1985-03-15,255.0,406.0,1
1985-03-15,301.0,500.0,1
1985-03-15,392.0,414.0,1
1985-03-15,404.0,540.0,1
1985-03-15,222.0,418.0,1
1985-03-15,365.0,726.0,1
1985-03-15,466.0,490.0,1
1985-03-15,176.0,688.0,1
1985-03-15,9.0,416.0,1
1985-03-15,704.0,719.0,1
1985-03-15,388.0,740.0,1
1985-03-15,175.0,739.0,1
1985-03-16,37.0,328.0,1
1985-03-16,251.0,690.0,1
1985-03-16,334.0,465.0,1
1985-03-16,366.0,518.0,1
1985-03-16,371.0,663.0,1
1985-03-16,457.0,513.0,1
1985-03-16,299.0,522.0,1
1985-03-16,31.0,603.0,1
1985-03-17,8.0,740.0,1
1985-03-17,67.0,193.0,1
1985-03-17,255.0,688.0,1
1985-03-17,257.0,301.0,1
1985-03-17,392.0,726.0,1
1985-03-17,9.0,404.0,1
1985-03-17,490.0,704.0,1
1985-03-17,418.0,739.0,1
1985-03-21,251.0,371.0,1
1985-03-21,255.0,301.0,1
1985-03-21,67.0,404.0,1
1985-03-21,366.0,522.0,1
1985-03-22,8.0,490.0,1
1985-03-22,37.0,457.0,1
1985-03-22,334.0,603.0,1
1985-03-22,392.0,739.0,1
1985-03-23,251.0,255.0,1
1985-03-23,404.0,522.0,1
1985-03-24,490.0,603.0,1
1985-03-24,457.0,739.0,1
1985-03-30,251.0,603.0,1
1985-03-30,404.0,739.0,1
1985-04-01,251.0,739.0,1
1986-03-13,72.0,704.0,1
1986-03-13,176.0,746.0,1
1986-03-13,193.0,432.0,1
1986-03-13,251.0,700.0,1
1986-03-13,255.0,386.0,1
1986-03-13,328.0,488.0,1
1986-03-13,191.0,367.0,1
1986-03-13,365.0,559.0,1
1986-03-13,47.0,404.0,1
1986-03-13,416.0,756.0,1
1986-03-13,457.0,732.0,1
1986-03-13,500.0,522.0,1
1986-03-13,523.0,768.0,1
1986-03-13,316.0,690.0,1
1986-03-13,9.0,434.0,1
1986-03-13,739.0,742.0,1
1986-03-14,8.0,812.0,1
1986-03-14,32.0,513.0,1
1986-03-14,29.0,37.0,1
1986-03-14,148.0,306.0,1
1986-03-14,220.0,301.0,1
1986-03-14,311.0,414.0,1
1986-03-14,173.0,334.0,1
1986-03-14,392.0,541.0,1
1986-03-14,5.0,418.0,1
1986-03-14,719.0,726.0,1
1986-03-14,312.0,490.0,1
1986-03-14,440.0,603.0,1
1986-03-14,575.0,606.0,1
1986-03-14,80.0,688.0,1
1986-03-14,465.0,498.0,1
1986-03-14,463.0,772.0,1
1986-03-15,176.0,522.0,1
1986-03-15,193.0,523.0,1
1986-03-15,255.0,739.0,1
1986-03-15,328.0,690.0,1
1986-03-15,72.0,367.0,1
1986-03-15,365.0,404.0,1
1986-03-15,251.0,416.0,1
1986-03-15,9.0,457.0,1
1986-03-16,8.0,301.0,1
1986-03-16,37.0,603.0,1
1986-03-16,148.0,606.0,1
1986-03-16,311.0,418.0,1
1986-03-16,334.0,772.0,1
1986-03-16,688.0,726.0,1
1986-03-16,32.0,490.0,1
1986-03-16,392.0,465.0,1
1986-03-20,37.0,465.0,1
1986-03-20,8.0,334.0,1
1986-03-20,367.0,457.0,1
1986-03-20,255.0,365.0,1
1986-03-21,176.0,193.0,1
1986-03-21,328.0,416.0,1
1986-03-21,148.0,726.0,1
1986-03-21,311.0,490.0,1
1986-03-22,37.0,367.0,1
1986-03-22,334.0,365.0,1
1986-03-23,193.0,726.0,1
1986-03-23,328.0,490.0,1
1986-03-29,193.0,328.0,1
1986-03-29,365.0,367.0,1
1986-03-31,193.0,367.0,1
1987-03-12,8.0,488.0,1
1987-03-12,37.0,627.0,1
1987-03-12,43.0,301.0,1
1987-03-12,193.0,697.0,1
1987-03-12,220.0,306.0,1
1987-03-12,257.0,327.0,1
1987-03-12,418.0,726.0,1
1987-03-12,77.0,474.0,1
1987-03-12,457.0,540.0,1
1987-03-12,419.0,513.0,1
1987-03-12,9.0,556.0,1
1987-03-12,388.0,698.0,1
1987-03-12,110.0,129.0,1
1987-03-12,294.0,465.0,1
1987-03-12,746.0,811.0,1
1987-03-12,434.0,812.0,1
1987-03-13,176.0,366.0,1
1987-03-13,235.0,490.0,1
1987-03-13,83.0,251.0,1
1987-03-13,312.0,631.0,1
1987-03-13,288.0,328.0,1
1987-03-13,255.0,365.0,1
1987-03-13,147.0,669.0,1
1987-03-13,334.0,518.0,1
1987-03-13,522.0,719.0,1
1987-03-13,386.0,545.0,1
1987-03-13,500.0,559.0,1
1987-03-13,603.0,782.0,1
1987-03-13,253.0,688.0,1
1987-03-13,665.0,690.0,1
1987-03-13,29.0,704.0,1
1987-03-13,768.0,772.0,1
1987-03-14,8.0,474.0,1
1987-03-14,193.0,812.0,1
1987-03-14,37.0,306.0,1
1987-03-14,418.0,457.0,1
1987-03-14,513.0,698.0,1
1987-03-14,43.0,556.0,1
1987-03-14,327.0,465.0,1
1987-03-14,110.0,811.0,1
1987-03-15,176.0,603.0,1
1987-03-15,235.0,559.0,1
1987-03-15,251.0,518.0,1
1987-03-15,312.0,704.0,1
1987-03-15,328.0,669.0,1
1987-03-15,365.0,690.0,1
1987-03-15,522.0,545.0,1
1987-03-15,688.0,772.0,1
1987-03-19,251.0,328.0,1
1987-03-19,457.0,513.0,1
1987-03-19,8.0,556.0,1
1987-03-19,235.0,688.0,1
1987-03-20,193.0,306.0,1
1987-03-20,312.0,522.0,1
1987-03-20,176.0,365.0,1
1987-03-20,465.0,811.0,1
1987-03-21,251.0,556.0,1
1987-03-21,457.0,688.0,1
1987-03-22,306.0,365.0,1
1987-03-22,312.0,465.0,1
1987-03-28,306.0,465.0,1
1987-03-28,556.0,688.0,1
1987-03-30,306.0,688.0,1
1988-03-17,37.0,72.0,1
1988-03-17,77.0,458.0,1
1988-03-17,176.0,782.0,1
1988-03-17,68.0,193.0,1
1988-03-17,235.0,603.0,1
1988-03-17,327.0,340.0,1
1988-03-17,367.0,528.0,1
1988-03-17,370.0,811.0,1
1988-03-17,51.0,404.0,1
1988-03-17,66.0,418.0,1
1988-03-17,457.0,497.0,1
1988-03-17,522.0,693.0,1
1988-03-17,222.0,559.0,1
1988-03-17,434.0,572.0,1
1988-03-17,513.0,663.0,1
1988-03-17,488.0,688.0,1
1988-03-18,29.0,167.0,1
1988-03-18,251.0,365.0,1
1988-03-18,255.0,311.0,1
1988-03-18,301.0,706.0,1
1988-03-18,234.0,312.0,1
1988-03-18,328.0,812.0,1
1988-03-18,334.0,665.0,1
1988-03-18,104.0,392.0,1
1988-03-18,454.0,490.0,1
1988-03-18,204.0,545.0,1
1988-03-18,306.0,575.0,1
1988-03-18,635.0,704.0,1
1988-03-18,352.0,690.0,1
1988-03-18,465.0,669.0,1
1988-03-18,731.0,736.0,1
1988-03-18,31.0,739.0,1
1988-03-19,193.0,663.0,1
1988-03-19,176.0,327.0,1
1988-03-19,77.0,367.0,1
1988-03-19,235.0,418.0,1
1988-03-19,370.0,457.0,1
1988-03-19,37.0,522.0,1
1988-03-19,404.0,559.0,1
1988-03-19,572.0,688.0,1
1988-03-20,29.0,635.0,1
1988-03-20,312.0,465.0,1
1988-03-20,328.0,454.0,1
1988-03-20,334.0,392.0,1
1988-03-20,255.0,575.0,1
1988-03-20,251.0,690.0,1
1988-03-20,545.0,736.0,1
1988-03-20,301.0,739.0,1
1988-03-24,193.0,572.0,1
1988-03-24,367.0,522.0,1
1988-03-24,575.0,690.0,1
1988-03-24,334.0,739.0,1
1988-03-25,29.0,312.0,1
1988-03-25,328.0,736.0,1
1988-03-25,327.0,559.0,1
1988-03-25,418.0,457.0,1
1988-03-26,193.0,690.0,1
1988-03-26,522.0,739.0,1
1988-03-27,29.0,457.0,1
1988-03-27,327.0,328.0,1
1988-04-02,193.0,328.0,1
1988-04-02,29.0,522.0,1
1988-04-04,328.0,522.0,1
1989-03-16,29.0,579.0,1
1989-03-16,31.0,370.0,1
1989-03-16,47.0,545.0,1
1989-03-16,147.0,610.0,1
1989-03-16,176.0,404.0,1
1989-03-16,193.0,647.0,1
1989-03-16,301.0,402.0,1
1989-03-16,340.0,366.0,1
1989-03-16,32.0,367.0,1
1989-03-16,327.0,428.0,1
1989-03-16,234.0,419.0,1
1989-03-16,198.0,522.0,1
1989-03-16,639.0,674.0,1
1989-03-16,295.0,465.0,1
1989-03-16,556.0,746.0,1
1989-03-16,694.0,768.0,1
1989-03-17,156.0,235.0,1
1989-03-17,219.0,528.0,1
1989-03-17,251.0,554.0,1
1989-03-17,248.0,306.0,1
1989-03-17,312.0,587.0,1
1989-03-17,418.0,812.0,1
1989-03-17,169.0,434.0,1
1989-03-17,490.0,648.0,1
1989-03-17,457.0,665.0,1
1989-03-17,513.0,736.0,1
1989-03-17,635.0,669.0,1
1989-03-17,8.0,646.0,1
1989-03-17,83.0,688.0,1
1989-03-17,255.0,703.0,1
1989-03-17,110.0,311.0,1
1989-03-17,365.0,704.0,1
1989-03-18,29.0,147.0,1
1989-03-18,193.0,768.0,1
1989-03-18,47.0,301.0,1
1989-03-18,31.0,367.0,1
1989-03-18,428.0,639.0,1
1989-03-18,366.0,522.0,1
1989-03-18,176.0,465.0,1
1989-03-18,419.0,746.0,1
1989-03-19,251.0,513.0,1
1989-03-19,306.0,704.0,1
1989-03-19,418.0,646.0,1
1989-03-19,434.0,703.0,1
1989-03-19,312.0,490.0,1
1989-03-19,110.0,457.0,1
1989-03-19,219.0,635.0,1
1989-03-19,156.0,688.0,1
1989-03-23,418.0,457.0,1
1989-03-23,306.0,635.0,1
1989-03-23,29.0,465.0,1
1989-03-23,522.0,746.0,1
1989-03-24,193.0,428.0,1
1989-03-24,251.0,490.0,1
1989-03-24,301.0,367.0,1
1989-03-24,434.0,688.0,1
1989-03-25,418.0,746.0,1
1989-03-25,465.0,635.0,1
1989-03-26,193.0,251.0,1
1989-03-26,301.0,688.0,1
1989-04-01,301.0,418.0,1
1989-04-01,193.0,635.0,1
1989-04-03,418.0,635.0,1
1990-03-15,31.0,554.0,1
1990-03-15,47.0,528.0,1
1990-03-15,107.0,306.0,1
1990-03-15,77.0,147.0,1
1990-03-15,68.0,164.0,1
1990-03-15,175.0,301.0,1
1990-03-15,198.0,255.0,1
1990-03-15,340.0,664.0,1
1990-03-15,295.0,367.0,1
1990-03-15,365.0,739.0,1
1990-03-15,416.0,454.0,1
1990-03-15,457.0,669.0,1
1990-03-15,518.0,556.0,1
1990-03-15,522.0,711.0,1
1990-03-15,104.0,288.0,1
1990-03-15,32.0,465.0,1
1990-03-16,8.0,156.0,1
1990-03-16,29.0,651.0,1
1990-03-16,193.0,575.0,1
1990-03-16,251.0,699.0,1
1990-03-16,328.0,579.0,1
1990-03-16,370.0,472.0,1
1990-03-16,299.0,418.0,1
1990-03-16,428.0,704.0,1
1990-03-16,434.0,504.0,1
1990-03-16,498.0,559.0,1
1990-03-16,603.0,690.0,1
1990-03-16,165.0,688.0,1
1990-03-16,257.0,703.0,1
1990-03-16,9.0,110.0,1
1990-03-16,513.0,746.0,1
1990-03-16,327.0,812.0,1
1990-03-17,31.0,175.0,1
1990-03-17,47.0,367.0,1
1990-03-17,147.0,340.0,1
1990-03-17,107.0,164.0,1
1990-03-17,255.0,365.0,1
1990-03-17,104.0,416.0,1
1990-03-17,457.0,522.0,1
1990-03-17,465.0,518.0,1
1990-03-18,8.0,29.0,1
1990-03-18,193.0,603.0,1
1990-03-18,370.0,418.0,1
1990-03-18,428.0,504.0,1
1990-03-18,688.0,746.0,1
1990-03-18,559.0,703.0,1
1990-03-18,110.0,328.0,1
1990-03-18,251.0,812.0,1
1990-03-22,31.0,457.0,1
1990-03-22,147.0,164.0,1
1990-03-22,110.0,193.0,1
1990-03-22,703.0,812.0,1
1990-03-23,255.0,416.0,1
1990-03-23,8.0,370.0,1
1990-03-23,428.0,688.0,1
1990-03-23,47.0,465.0,1
1990-03-24,31.0,703.0,1
1990-03-24,164.0,193.0,1
1990-03-25,255.0,428.0,1
1990-03-25,370.0,465.0,1
1990-03-31,31.0,193.0,1
1990-03-31,255.0,465.0,1
1990-04-02,193.0,465.0,1
1991-03-14,29.0,600.0,1
1991-03-14,77.0,746.0,1
1991-03-14,164.0,365.0,1
1991-03-14,169.0,472.0,1
1991-03-14,193.0,498.0,1
1991-03-14,234.0,657.0,1
1991-03-14,149.0,306.0,1
1991-03-14,198.0,312.0,1
1991-03-14,328.0,474.0,1
1991-03-14,490.0,664.0,1
1991-03-14,473.0,521.0,1
1991-03-14,257.0,545.0,1
1991-03-14,575.0,688.0,1
1991-03-14,541.0,635.0,1
1991-03-14,559.0,690.0,1
1991-03-14,463.0,812.0,1
1991-03-15,8.0,454.0,1
1991-03-15,28.0,587.0,1
1991-03-15,31.0,254.0,1
1991-03-15,204.0,430.0,1
1991-03-15,251.0,736.0,1
1991-03-15,176.0,255.0,1
1991-03-15,416.0,794.0,1
1991-03-15,457.0,500.0,1
1991-03-15,518.0,711.0,1
1991-03-15,110.0,539.0,1
1991-03-15,503.0,603.0,1
1991-03-15,617.0,703.0,1
1991-03-15,441.0,465.0,1
1991-03-15,646.0,732.0,1
1991-03-15,554.0,739.0,1
1991-03-15,366.0,749.0,1
1991-03-16,29.0,77.0,1
1991-03-16,164.0,812.0,1
1991-03-16,193.0,312.0,1
1991-03-16,234.0,306.0,1
1991-03-16,328.0,545.0,1
1991-03-16,490.0,521.0,1
1991-03-16,169.0,635.0,1
1991-03-16,575.0,690.0,1
1991-03-17,8.0,749.0,1
1991-03-17,28.0,31.0,1
1991-03-17,204.0,539.0,1
1991-03-17,457.0,739.0,1
1991-03-17,255.0,518.0,1
1991-03-17,603.0,703.0,1
1991-03-17,251.0,465.0,1
1991-03-17,416.0,732.0,1
1991-03-21,8.0,31.0,1
1991-03-21,306.0,328.0,1
1991-03-21,29.0,635.0,1
1991-03-21,465.0,732.0,1
1991-03-22,164.0,193.0,1
1991-03-22,204.0,457.0,1
1991-03-22,518.0,603.0,1
1991-03-22,521.0,690.0,1
1991-03-23,31.0,328.0,1
1991-03-23,465.0,635.0,1
1991-03-24,193.0,603.0,1
1991-03-24,457.0,690.0,1
1991-03-30,193.0,465.0,1
1991-03-30,328.0,457.0,1
1991-04-01,193.0,328.0,1
1992-03-19,8.0,674.0,1
1992-03-19,31.0,454.0,1
1992-03-19,164.0,463.0,1
1992-03-19,115.0,193.0,1
1992-03-19,234.0,441.0,1
1992-03-19,251.0,651.0,1
1992-03-19,255.0,288.0,1
1992-03-19,201.0,306.0,1
1992-03-19,312.0,703.0,1
1992-03-19,77.0,365.0,1
1992-03-19,404.0,541.0,1
1992-03-19,434.0,768.0,1
1992-03-19,414.0,457.0,1
1992-03-19,432.0,518.0,1
1992-03-19,340.0,635.0,1
1992-03-19,498.0,657.0,1
1992-03-20,140.0,180.0,1
1992-03-20,29.0,198.0,1
1992-03-20,311.0,458.0,1
1992-03-20,290.0,328.0,1
1992-03-20,334.0,523.0,1
1992-03-20,367.0,749.0,1
1992-03-20,236.0,400.0,1
1992-03-20,418.0,690.0,1
1992-03-20,416.0,669.0,1
1992-03-20,176.0,472.0,1
1992-03-20,253.0,521.0,1
1992-03-20,554.0,688.0,1
1992-03-20,603.0,718.0,1
1992-03-20,110.0,579.0,1
1992-03-20,522.0,671.0,1
1992-03-20,219.0,704.0,1
1992-03-21,193.0,312.0,1
1992-03-21,234.0,251.0,1
1992-03-21,255.0,657.0,1
1992-03-21,306.0,365.0,1
1992-03-21,31.0,404.0,1
1992-03-21,8.0,457.0,1
1992-03-21,164.0,518.0,1
1992-03-21,434.0,635.0,1
1992-03-22,140.0,416.0,1
1992-03-22,311.0,334.0,1
1992-03-22,400.0,688.0,1
1992-03-22,198.0,418.0,1
1992-03-22,472.0,671.0,1
1992-03-22,521.0,718.0,1
1992-03-22,110.0,367.0,1
1992-03-22,328.0,704.0,1
1992-03-26,193.0,635.0,1
1992-03-26,234.0,306.0,1
1992-03-26,334.0,400.0,1
1992-03-26,110.0,472.0,1
1992-03-27,140.0,704.0,1
1992-03-27,255.0,404.0,1
1992-03-27,418.0,521.0,1
1992-03-27,457.0,518.0,1
1992-03-28,193.0,334.0,1
1992-03-28,110.0,306.0,1
1992-03-29,140.0,404.0,1
1992-03-29,418.0,518.0,1
1992-04-04,193.0,306.0,1
1992-04-04,140.0,418.0,1
1992-04-06,193.0,418.0,1
1993-03-18,31.0,285.0,1
1993-03-18,77.0,663.0,1
1993-03-18,107.0,365.0,1
1993-03-18,193.0,659.0,1
1993-03-18,219.0,234.0,1
1993-03-18,99.0,301.0,1
1993-03-18,47.0,328.0,1
1993-03-18,196.0,457.0,1
1993-03-18,559.0,572.0,1
1993-03-18,29.0,631.0,1
1993-03-18,635.0,691.0,1
1993-03-18,603.0,700.0,1
1993-03-18,434.0,690.0,1
1993-03-18,327.0,718.0,1
1993-03-18,66.0,736.0,1
1993-03-18,404.0,772.0,1
1993-03-19,140.0,165.0,1
1993-03-19,249.0,473.0,1
1993-03-19,306.0,810.0,1
1993-03-19,312.0,498.0,1
1993-03-19,334.0,576.0,1
1993-03-19,180.0,367.0,1
1993-03-19,400.0,540.0,1
1993-03-19,149.0,418.0,1
1993-03-19,463.0,472.0,1
1993-03-19,387.0,521.0,1
1993-03-19,255.0,665.0,1
1993-03-19,110.0,311.0,1
1993-03-19,545.0,732.0,1
1993-03-19,381.0,746.0,1
1993-03-19,693.0,749.0,1
1993-03-19,474.0,812.0,1
1993-03-20,31.0,603.0,1
1993-03-20,107.0,193.0,1
1993-03-20,234.0,718.0,1
1993-03-20,77.0,328.0,1
1993-03-20,457.0,572.0,1
1993-03-20,631.0,690.0,1
1993-03-20,301.0,736.0,1
1993-03-20,635.0,772.0,1
1993-03-21,140.0,472.0,1
1993-03-21,249.0,665.0,1
1993-03-21,306.0,812.0,1
1993-03-21,334.0,732.0,1
1993-03-21,367.0,521.0,1
1993-03-21,110.0,418.0,1
1993-03-21,400.0,746.0,1
1993-03-21,312.0,749.0,1
1993-03-25,234.0,772.0,1
1993-03-25,306.0,367.0,1
1993-03-25,107.0,328.0,1
1993-03-25,334.0,749.0,1
1993-03-26,140.0,746.0,1
1993-03-26,249.0,418.0,1
1993-03-26,31.0,457.0,1
1993-03-26,690.0,736.0,1
1993-03-27,306.0,328.0,1
1993-03-27,234.0,334.0,1
1993-03-28,418.0,690.0,1
1993-03-28,140.0,457.0,1
1993-04-03,334.0,418.0,1
1993-04-03,328.0,457.0,1
1993-04-05,418.0,457.0,1
1994-03-17,8.0,556.0,1
1994-03-17,164.0,576.0,1
1994-03-17,235.0,317.0,1
1994-03-17,9.0,249.0,1
1994-03-17,328.0,693.0,1
1994-03-17,392.0,609.0,1
1994-03-17,400.0,670.0,1
1994-03-17,418.0,541.0,1
1994-03-17,434.0,726.0,1
1994-03-17,463.0,540.0,1
1994-03-17,128.0,559.0,1
1994-03-17,277.0,688.0,1
1994-03-17,703.0,772.0,1
1994-03-17,749.0,1014.0,1
1994-03-17,107.0,794.0,1
1994-03-17,140.0,796.0,1
1994-03-18,29.0,369.0,1
1994-03-18,31.0,488.0,1
1994-03-18,67.0,754.0,1
1994-03-18,193.0,699.0,1
1994-03-18,251.0,301.0,1
1994-03-18,306.0,519.0,1
1994-03-18,334.0,691.0,1
1994-03-18,66.0,367.0,1
1994-03-18,387.0,671.0,1
1994-03-18,416.0,635.0,1
1994-03-18,428.0,659.0,1
1994-03-18,355.0,457.0,1
1994-03-18,472.0,521.0,1
1994-03-18,191.0,690.0,1
1994-03-18,110.0,719.0,1
1994-03-18,473.0,746.0,1
1994-03-19,164.0,249.0,1
1994-03-19,235.0,540.0,1
1994-03-19,328.0,749.0,1
1994-03-19,392.0,400.0,1
1994-03-19,418.0,703.0,1
1994-03-19,434.0,796.0,1
1994-03-19,8.0,559.0,1
1994-03-19,688.0,794.0,1
1994-03-20,29.0,746.0,1
1994-03-20,31.0,251.0,1
1994-03-20,67.0,457.0,1
1994-03-20,193.0,416.0,1
1994-03-20,306.0,690.0,1
1994-03-20,367.0,428.0,1
1994-03-20,334.0,387.0,1
1994-03-20,521.0,719.0,1
1994-03-24,29.0,367.0,1
1994-03-24,193.0,387.0,1
1994-03-24,434.0,688.0,1
1994-03-24,328.0,559.0,1
1994-03-25,31.0,719.0,1
1994-03-25,67.0,306.0,1
1994-03-25,164.0,235.0,1
1994-03-25,392.0,418.0,1
1994-03-26,29.0,434.0,1
1994-03-26,193.0,559.0,1
1994-03-27,31.0,418.0,1
1994-03-27,67.0,235.0,1
1994-04-02,29.0,31.0,1
1994-04-02,193.0,235.0,1
1994-04-04,31.0,193.0,1
1995-03-16,8.0,540.0,1
1995-03-16,28.0,47.0,1
1995-03-16,140.0,690.0,1
1995-03-16,164.0,693.0,1
1995-03-16,153.0,328.0,1
1995-03-16,334.0,450.0,1
1995-03-16,381.0,522.0,1
1995-03-16,260.0,392.0,1
1995-03-16,29.0,414.0,1
1995-03-16,191.0,521.0,1
1995-03-16,428.0,609.0,1
1995-03-16,529.0,703.0,1
1995-03-16,77.0,718.0,1
1995-03-16,483.0,746.0,1
1995-03-16,418.0,772.0,1
1995-03-16,488.0,749.0,1
1995-03-17,31.0,699.0,1
1995-03-17,251.0,812.0,1
1995-03-17,235.0,311.0,1
1995-03-17,400.0,617.0,1
1995-03-17,367.0,404.0,1
1995-03-17,430.0,631.0,1
1995-03-17,306.0,434.0,1
1995-03-17,454.0,457.0,1
1995-03-17,523.0,739.0,1
1995-03-17,559.0,794.0,1
1995-03-17,458.0,674.0,1
1995-03-17,659.0,688.0,1
1995-03-17,301.0,719.0,1
1995-03-17,110.0,231.0,1
1995-03-17,99.0,732.0,1
1995-03-17,416.0,758.0,1
1995-03-18,28.0,381.0,1
1995-03-18,140.0,164.0,1
1995-03-18,328.0,772.0,1
1995-03-18,334.0,718.0,1
1995-03-18,392.0,703.0,1
1995-03-18,8.0,521.0,1
1995-03-18,414.0,746.0,1
1995-03-18,609.0,749.0,1
1995-03-19,31.0,688.0,1
1995-03-19,251.0,758.0,1
1995-03-19,400.0,674.0,1
1995-03-19,404.0,559.0,1
1995-03-19,430.0,732.0,1
1995-03-19,311.0,457.0,1
1995-03-19,523.0,719.0,1
1995-03-19,110.0,434.0,1
1995-03-23,164.0,392.0,1
1995-03-23,28.0,334.0,1
1995-03-23,251.0,457.0,1
1995-03-23,110.0,430.0,1
1995-03-24,31.0,404.0,1
1995-03-24,400.0,719.0,1
1995-03-24,521.0,749.0,1
1995-03-24,328.0,746.0,1
1995-03-25,334.0,457.0,1
1995-03-25,110.0,164.0,1
1995-03-26,31.0,746.0,1
1995-03-26,400.0,521.0,1
1995-04-01,31.0,457.0,1
1995-04-01,110.0,521.0,1
1995-04-03,31.0,110.0,1
1996-03-14,31.0,539.0,1
1996-03-14,153.0,164.0,1
1996-03-14,191.0,404.0,1
1996-03-14,193.0,204.0,1
1996-03-14,147.0,257.0,1
1996-03-14,107.0,311.0,1
1996-03-14,334.0,630.0,1
1996-03-14,387.0,439.0,1
1996-03-14,128.0,400.0,1
1996-03-14,430.0,740.0,1
1996-03-14,110.0,554.0,1
1996-03-14,559.0,769.0,1
1996-03-14,72.0,674.0,1
1996-03-14,440.0,688.0,1
1996-03-14,116.0,732.0,1
1996-03-14,742.0,794.0,1
1996-03-15,29.0,735.0,1
1996-03-15,67.0,306.0,1
1996-03-15,140.0,459.0,1
1996-03-15,251.0,432.0,1
1996-03-15,43.0,255.0,1
1996-03-15,249.0,312.0,1
1996-03-15,328.0,647.0,1
1996-03-15,367.0,719.0,1
1996-03-15,327.0,473.0,1
1996-03-15,457.0,474.0,1
1996-03-15,392.0,631.0,1
1996-03-15,522.0,690.0,1
1996-03-15,418.0,703.0,1
1996-03-15,503.0,700.0,1
1996-03-15,551.0,739.0,1
1996-03-15,498.0,749.0,1
1996-03-16,31.0,387.0,1
1996-03-16,164.0,204.0,1
1996-03-16,257.0,559.0,1
1996-03-16,334.0,742.0,1
1996-03-16,400.0,674.0,1
1996-03-16,430.0,554.0,1
1996-03-16,191.0,688.0,1
1996-03-16,311.0,732.0,1
1996-03-17,29.0,312.0,1
1996-03-17,140.0,690.0,1
1996-03-17,251.0,473.0,1
1996-03-17,67.0,255.0,1
1996-03-17,328.0,631.0,1
1996-03-17,367.0,739.0,1
1996-03-17,457.0,700.0,1
1996-03-17,703.0,749.0,1
1996-03-21,251.0,700.0,1
1996-03-21,334.0,732.0,1
1996-03-21,31.0,400.0,1
1996-03-21,367.0,749.0,1
1996-03-22,140.0,255.0,1
1996-03-22,29.0,328.0,1
1996-03-22,164.0,430.0,1
1996-03-22,257.0,688.0,1
1996-03-23,334.0,749.0,1
1996-03-23,251.0,400.0,1
1996-03-24,140.0,430.0,1
1996-03-24,328.0,688.0,1
1996-03-30,334.0,400.0,1
1996-03-30,430.0,688.0,1
1996-04-01,334.0,688.0,1
1997-03-13,29.0,646.0,1
1997-03-13,67.0,735.0,1
1997-03-13,107.0,554.0,1
1997-03-13,87.0,140.0,1
1997-03-13,392.0,1014.0,1
1997-03-13,157.0,306.0,1
1997-03-13,312.0,746.0,1
1997-03-13,299.0,311.0,1
1997-03-13,314.0,328.0,1
1997-03-13,334.0,441.0,1
1997-03-13,220.0,457.0,1
1997-03-13,559.0,572.0,1
1997-03-13,534.0,606.0,1
1997-03-13,48.0,110.0,1
1997-03-13,361.0,739.0,1
1997-03-13,736.0,812.0,1
1997-03-14,251.0,458.0,1
1997-03-14,257.0,693.0,1
1997-03-14,147.0,414.0,1
1997-03-14,165.0,648.0,1
1997-03-14,193.0,454.0,1
1997-03-14,301.0,657.0,1
1997-03-14,367.0,400.0,1
1997-03-14,428.0,670.0,1
1997-03-14,473.0,523.0,1
1997-03-14,387.0,556.0,1
1997-03-14,522.0,674.0,1
1997-03-14,433.0,690.0,1
1997-03-14,703.0,796.0,1
1997-03-14,68.0,719.0,1
1997-03-14,726.0,732.0,1
1997-03-14,610.0,749.0,1
1997-03-15,29.0,1014.0,1
1997-03-15,107.0,739.0,1
1997-03-15,140.0,311.0,1
1997-03-15,328.0,559.0,1
1997-03-15,312.0,334.0,1
1997-03-15,157.0,457.0,1
1997-03-15,67.0,606.0,1
1997-03-15,110.0,812.0,1
1997-03-16,301.0,693.0,1
1997-03-16,147.0,719.0,1
1997-03-16,367.0,473.0,1
1997-03-16,428.0,690.0,1
1997-03-16,193.0,556.0,1
1997-03-16,674.0,749.0,1
1997-03-16,165.0,703.0,1
1997-03-16,458.0,732.0,1
1997-03-20,334.0,606.0,1
1997-03-20,147.0,428.0,1
1997-03-20,110.0,311.0,1
1997-03-20,674.0,732.0,1
1997-03-21,29.0,328.0,1
1997-03-21,367.0,703.0,1
1997-03-21,107.0,457.0,1
1997-03-21,556.0,693.0,1
1997-03-22,334.0,732.0,1
1997-03-22,110.0,428.0,1
1997-03-23,29.0,556.0,1
1997-03-23,367.0,457.0,1
1997-03-29,29.0,457.0,1
1997-03-29,334.0,428.0,1
1997-03-31,29.0,334.0,1
1998-03-12,29.0,483.0,1
1998-03-12,31.0,463.0,1
1998-03-12,302.0,458.0,1
1998-03-12,140.0,501.0,1
1998-03-12,164.0,222.0,1
1998-03-12,301.0,646.0,1
1998-03-12,299.0,694.0,1
1998-03-12,306.0,522.0,1
1998-03-12,392.0,731.0,1
1998-03-12,204.0,416.0,1
1998-03-12,457.0,726.0,1
1998-03-12,465.0,554.0,1
1998-03-12,575.0,648.0,1
1998-03-12,629.0,732.0,1
1998-03-12,756.0,812.0,1
1998-03-12,690.0,768.0,1
1998-03-13,184.0,603.0,1
1998-03-13,193.0,563.0,1
1998-03-13,234.0,698.0,1
1998-03-13,328.0,553.0,1
1998-03-13,334.0,647.0,1
1998-03-13,173.0,418.0,1
1998-03-13,87.0,473.0,1
1998-03-13,249.0,521.0,1
1998-03-13,180.0,559.0,1
1998-03-13,454.0,572.0,1
1998-03-13,400.0,609.0,1
1998-03-13,674.0,1014.0,1
1998-03-13,310.0,688.0,1
1998-03-13,110.0,415.0,1
1998-03-13,433.0,735.0,1
1998-03-13,147.0,774.0,1
1998-03-14,29.0,299.0,1
1998-03-14,164.0,306.0,1
1998-03-14,301.0,392.0,1
1998-03-14,416.0,554.0,1
1998-03-14,457.0,458.0,1
1998-03-14,31.0,732.0,1
1998-03-14,575.0,756.0,1
1998-03-14,140.0,768.0,1
1998-03-15,193.0,521.0,1
1998-03-15,334.0,609.0,1
1998-03-15,184.0,559.0,1
1998-03-15,328.0,572.0,1
1998-03-15,674.0,774.0,1
1998-03-15,473.0,688.0,1
1998-03-15,110.0,418.0,1
1998-03-15,234.0,735.0,1
1998-03-19,29.0,392.0,1
1998-03-19,164.0,756.0,1
1998-03-19,416.0,457.0,1
1998-03-19,732.0,768.0,1
1998-03-20,193.0,688.0,1
1998-03-20,110.0,334.0,1
1998-03-20,572.0,735.0,1
1998-03-20,559.0,674.0,1
1998-03-21,164.0,457.0,1
1998-03-21,29.0,732.0,1
1998-03-22,193.0,334.0,1
1998-03-22,572.0,674.0,1
1998-03-28,334.0,674.0,1
1998-03-28,457.0,732.0,1
1998-03-30,334.0,732.0,1
1999-03-11,31.0,639.0,1
1999-03-11,37.0,792.0,1
1999-03-11,164.0,706.0,1
1999-03-11,169.0,367.0,1
1999-03-11,110.0,184.0,1
1999-03-11,235.0,540.0,1
1999-03-11,260.0,428.0,1
1999-03-11,249.0,306.0,1
1999-03-11,9.0,312.0,1
1999-03-11,392.0,735.0,1
1999-03-11,434.0,473.0,1
1999-03-11,454.0,518.0,1
1999-03-11,521.0,688.0,1
1999-03-11,603.0,625.0,1
1999-03-11,17.0,674.0,1
1999-03-11,457.0,758.0,1
1999-03-12,458.0,572.0,1
1999-03-12,140.0,248.0,1
1999-03-12,193.0,228.0,1
1999-03-12,219.0,328.0,1
1999-03-12,334.0,472.0,1
1999-03-12,342.0,415.0,1
1999-03-12,414.0,756.0,1
1999-03-12,416.0,450.0,1
1999-03-12,433.0,739.0,1
1999-03-12,669.0,796.0,1
1999-03-12,29.0,522.0,1
1999-03-12,559.0,703.0,1
1999-03-12,331.0,690.0,1
1999-03-12,180.0,694.0,1
1999-03-12,719.0,1014.0,1
1999-03-12,30.0,732.0,1
1999-03-13,37.0,521.0,1
1999-03-13,164.0,473.0,1
1999-03-13,235.0,758.0,1
1999-03-13,260.0,674.0,1
1999-03-13,31.0,312.0,1
1999-03-13,169.0,392.0,1
1999-03-13,184.0,518.0,1
1999-03-13,306.0,603.0,1
1999-03-14,193.0,719.0,1
1999-03-14,328.0,334.0,1
1999-03-14,414.0,732.0,1
1999-03-14,416.0,433.0,1
1999-03-14,669.0,694.0,1
1999-03-14,458.0,522.0,1
1999-03-14,415.0,559.0,1
1999-03-14,140.0,690.0,1
1999-03-18,164.0,312.0,1
1999-03-18,235.0,260.0,1
1999-03-18,37.0,518.0,1
1999-03-18,392.0,603.0,1
1999-03-19,193.0,669.0,1
1999-03-19,334.0,414.0,1
1999-03-19,416.0,522.0,1
1999-03-19,559.0,690.0,1
1999-03-20,164.0,260.0,1
1999-03-20,518.0,603.0,1
1999-03-21,193.0,690.0,1
1999-03-21,334.0,416.0,1
1999-03-27,164.0,518.0,1
1999-03-27,193.0,416.0,1
1999-03-29,164.0,193.0,1
2000-03-16,29.0,314.0,1
2000-03-16,37.0,169.0,1
2000-03-16,260.0,367.0,1
2000-03-16,127.0,311.0,1
2000-03-16,334.0,596.0,1
2000-03-16,365.0,654.0,1
2000-03-16,310.0,392.0,1
2000-03-16,416.0,735.0,1
2000-03-16,522.0,792.0,1
2000-03-16,175.0,559.0,1
2000-03-16,501.0,603.0,1
2000-03-16,625.0,688.0,1
2000-03-16,305.0,703.0,1
2000-03-16,47.0,110.0,1
2000-03-16,609.0,732.0,1
2000-03-16,96.0,796.0,1
2000-03-17,140.0,460.0,1
2000-03-17,164.0,731.0,1
2000-03-17,193.0,346.0,1
2000-03-17,87.0,235.0,1
2000-03-17,301.0,540.0,1
2000-03-17,176.0,328.0,1
2000-03-17,31.0,415.0,1
2000-03-17,434.0,457.0,1
2000-03-17,27.0,518.0,1
2000-03-17,283.0,521.0,1
2000-03-17,306.0,541.0,1
2000-03-17,529.0,635.0,1
2000-03-17,647.0,674.0,1
2000-03-17,342.0,690.0,1
2000-03-17,671.0,694.0,1
2000-03-17,465.0,719.0,1
2000-03-18,260.0,603.0,1
2000-03-18,37.0,311.0,1
2000-03-18,365.0,703.0,1
2000-03-18,416.0,732.0,1
2000-03-18,522.0,559.0,1
2000-03-18,334.0,688.0,1
2000-03-18,110.0,392.0,1
2000-03-18,29.0,796.0,1
2000-03-19,193.0,328.0,1
2000-03-19,235.0,301.0,1
2000-03-19,415.0,518.0,1
2000-03-19,457.0,674.0,1
2000-03-19,521.0,541.0,1
2000-03-19,635.0,690.0,1
2000-03-19,164.0,694.0,1
2000-03-19,140.0,719.0,1
2000-03-23,110.0,311.0,1
2000-03-23,416.0,688.0,1
2000-03-23,260.0,559.0,1
2000-03-23,365.0,796.0,1
2000-03-24,193.0,235.0,1
2000-03-24,457.0,694.0,1
2000-03-24,521.0,635.0,1
2000-03-24,415.0,719.0,1
2000-03-25,311.0,416.0,1
2000-03-25,559.0,796.0,1
2000-03-26,235.0,521.0,1
2000-03-26,457.0,719.0,1
2000-04-01,235.0,457.0,1
2000-04-01,416.0,796.0,1
2000-04-03,235.0,416.0,1
2001-03-13,508.0,792.0,1
2001-03-15,67.0,667.0,1
2001-03-15,77.0,140.0,1
2001-03-15,193.0,439.0,1
2001-03-15,31.0,251.0,1
2001-03-15,254.0,796.0,1
2001-03-15,270.0,311.0,1
2001-03-15,169.0,312.0,1
2001-03-15,306.0,331.0,1
2001-03-15,285.0,334.0,1
2001-03-15,248.0,392.0,1
2001-03-15,257.0,434.0,1
2001-03-15,255.0,606.0,1
2001-03-15,459.0,674.0,1
2001-03-15,110.0,283.0,1
2001-03-15,521.0,657.0,1
2001-03-15,518.0,731.0,1
2001-03-16,29.0,201.0,1
2001-03-16,87.0,749.0,1
2001-03-16,458.0,694.0,1
2001-03-16,235.0,772.0,1
2001-03-16,96.0,107.0,1
2001-03-16,260.0,746.0,1
2001-03-16,301.0,508.0,1
2001-03-16,305.0,522.0,1
2001-03-16,101.0,328.0,1
2001-03-16,7.0,416.0,1
2001-03-16,310.0,433.0,1
2001-03-16,457.0,554.0,1
2001-03-16,513.0,812.0,1
2001-03-16,539.0,556.0,1
2001-03-16,277.0,688.0,1
2001-03-16,690.0,703.0,1
2001-03-17,140.0,331.0,1
2001-03-17,193.0,434.0,1
2001-03-17,251.0,270.0,1
2001-03-17,312.0,334.0,1
2001-03-17,254.0,392.0,1
2001-03-17,606.0,674.0,1
2001-03-17,110.0,731.0,1
2001-03-17,67.0,657.0,1
2001-03-18,29.0,87.0,1
2001-03-18,260.0,305.0,1
2001-03-18,301.0,458.0,1
2001-03-18,328.0,688.0,1
2001-03-18,96.0,416.0,1
2001-03-18,433.0,513.0,1
2001-03-18,457.0,539.0,1
2001-03-18,235.0,690.0,1
2001-03-22,110.0,193.0,1
2001-03-22,251.0,392.0,1
2001-03-22,140.0,674.0,1
2001-03-22,334.0,657.0,1
2001-03-23,29.0,433.0,1
2001-03-23,301.0,328.0,1
2001-03-23,260.0,416.0,1
2001-03-23,539.0,690.0,1
2001-03-24,193.0,657.0,1
2001-03-24,392.0,674.0,1
2001-03-25,29.0,301.0,1
2001-03-25,416.0,690.0,1
2001-03-31,29.0,416.0,1
2001-03-31,193.0,392.0,1
2001-04-02,29.0,193.0,1
2002-03-12,17.0,639.0,1
2002-03-14,8.0,229.0,1
2002-03-14,29.0,104.0,1
2002-03-14,193.0,792.0,1
2002-03-14,306.0,732.0,1
2002-03-14,285.0,328.0,1
2002-03-14,331.0,521.0,1
2002-03-14,334.0,735.0,1
2002-03-14,415.0,434.0,1
2002-03-14,458.0,513.0,1
2002-03-14,173.0,518.0,1
2002-03-14,441.0,529.0,1
2002-03-14,674.0,772.0,1
2002-03-14,387.0,719.0,1
2002-03-14,460.0,657.0,1
2002-03-14,541.0,749.0,1
2002-03-14,260.0,811.0,1
2002-03-15,107.0,540.0,1
2002-03-15,68.0,140.0,1
2002-03-15,164.0,270.0,1
2002-03-15,169.0,235.0,1
2002-03-15,257.0,454.0,1
2002-03-15,301.0,626.0,1
2002-03-15,392.0,639.0,1
2002-03-15,402.0,430.0,1
2002-03-15,416.0,490.0,1
2002-03-15,302.0,522.0,1
2002-03-15,127.0,545.0,1
2002-03-15,659.0,700.0,1
2002-03-15,67.0,703.0,1
2002-03-15,110.0,433.0,1
2002-03-15,603.0,796.0,1
2002-03-15,277.0,812.0,1
2002-03-16,29.0,811.0,1
2002-03-16,193.0,513.0,1
2002-03-16,306.0,460.0,1
2002-03-16,328.0,674.0,1
2002-03-16,8.0,331.0,1
2002-03-16,334.0,719.0,1
2002-03-16,434.0,518.0,1
2002-03-16,529.0,749.0,1
2002-03-17,164.0,490.0,1
2002-03-17,169.0,301.0,1
2002-03-17,392.0,796.0,1
2002-03-17,522.0,812.0,1
2002-03-17,107.0,545.0,1
2002-03-17,257.0,659.0,1
2002-03-17,430.0,703.0,1
2002-03-17,110.0,140.0,1
2002-03-21,193.0,306.0,1
2002-03-21,331.0,545.0,1
2002-03-21,110.0,434.0,1
2002-03-21,29.0,522.0,1
2002-03-22,164.0,659.0,1
2002-03-22,301.0,328.0,1
2002-03-22,334.0,392.0,1
2002-03-22,529.0,703.0,1
2002-03-23,306.0,331.0,1
2002-03-23,434.0,522.0,1
2002-03-24,328.0,529.0,1
2002-03-24,164.0,392.0,1
2002-03-30,306.0,522.0,1
2002-03-30,328.0,392.0,1
2002-04-01,306.0,392.0,1
2003-03-18,456.0,699.0,1
2003-03-20,29.0,738.0,1
2003-03-20,28.0,404.0,1
2003-03-20,129.0,169.0,1
2003-03-20,107.0,490.0,1
2003-03-20,77.0,164.0,1
2003-03-20,156.0,193.0,1
2003-03-20,140.0,260.0,1
2003-03-20,301.0,772.0,1
2003-03-20,328.0,731.0,1
2003-03-20,285.0,387.0,1
2003-03-20,434.0,659.0,1
2003-03-20,513.0,797.0,1
2003-03-20,522.0,647.0,1
2003-03-20,627.0,674.0,1
2003-03-20,175.0,719.0,1
2003-03-20,758.0,796.0,1
2003-03-21,37.0,606.0,1
2003-03-21,87.0,430.0,1
2003-03-21,235.0,624.0,1
2003-03-21,8.0,306.0,1
2003-03-21,334.0,2699.0,1
2003-03-21,43.0,367.0,1
2003-03-21,392.0,460.0,1
2003-03-21,157.0,416.0,1
2003-03-21,521.0,540.0,1
2003-03-21,545.0,748.0,1
2003-03-21,365.0,559.0,1
2003-03-21,381.0,688.0,1
2003-03-21,456.0,703.0,1
2003-03-21,529.0,732.0,1
2003-03-21,198.0,749.0,1
2003-03-21,716.0,812.0,1
2003-03-22,29.0,260.0,1
2003-03-22,164.0,674.0,1
2003-03-22,129.0,193.0,1
2003-03-22,28.0,328.0,1
2003-03-22,387.0,434.0,1
2003-03-22,301.0,513.0,1
2003-03-22,107.0,522.0,1
2003-03-22,719.0,796.0,1
2003-03-23,37.0,749.0,1
2003-03-23,87.0,367.0,1
2003-03-23,334.0,732.0,1
2003-03-23,392.0,812.0,1
2003-03-23,235.0,416.0,1
2003-03-23,306.0,545.0,1
2003-03-23,521.0,688.0,1
2003-03-23,559.0,703.0,1
2003-03-27,29.0,513.0,1
2003-03-27,193.0,328.0,1
2003-03-27,334.0,796.0,1
2003-03-27,387.0,545.0,1
2003-03-28,392.0,416.0,1
2003-03-28,87.0,522.0,1
2003-03-28,37.0,688.0,1
2003-03-28,164.0,703.0,1
2003-03-29,29.0,328.0,1
2003-03-29,334.0,387.0,1
2003-03-30,522.0,688.0,1
2003-03-30,416.0,703.0,1
2003-04-05,328.0,387.0,1
2003-04-05,688.0,703.0,1
2003-04-07,328.0,688.0,1
2004-03-16,228.0,352.0,1
2004-03-18,8.0,659.0,1
2004-03-18,164.0,738.0,1
2004-03-18,175.0,176.0,1
2004-03-18,7.0,193.0,1
2004-03-18,260.0,735.0,1
2004-03-18,235.0,381.0,1
2004-03-18,392.0,704.0,1
2004-03-18,416.0,466.0,1
2004-03-18,457.0,721.0,1
2004-03-18,29.0,635.0,1
2004-03-18,355.0,606.0,1
2004-03-18,674.0,706.0,1
2004-03-18,77.0,688.0,1
2004-03-18,554.0,703.0,1
2004-03-18,458.0,700.0,1
2004-03-18,740.0,749.0,1
2004-03-19,67.0,732.0,1
2004-03-19,140.0,198.0,1
2004-03-19,255.0,504.0,1
2004-03-19,301.0,454.0,1
2004-03-19,302.0,328.0,1
2004-03-19,228.0,334.0,1
2004-03-19,404.0,648.0,1
2004-03-19,430.0,439.0,1
2004-03-19,490.0,671.0,1
2004-03-19,207.0,521.0,1
2004-03-19,534.0,556.0,1
2004-03-19,128.0,545.0,1
2004-03-19,9.0,756.0,1
2004-03-19,736.0,774.0,1
2004-03-19,575.0,796.0,1
2004-03-19,367.0,812.0,1
2004-03-20,8.0,674.0,1
2004-03-20,164.0,176.0,1
2004-03-20,193.0,635.0,1
2004-03-20,260.0,466.0,1
2004-03-20,606.0,700.0,1
2004-03-20,392.0,688.0,1
2004-03-20,457.0,703.0,1
2004-03-20,381.0,749.0,1
2004-03-21,67.0,255.0,1
2004-03-21,140.0,301.0,1
2004-03-21,328.0,534.0,1
2004-03-21,404.0,521.0,1
2004-03-21,545.0,796.0,1
2004-03-21,9.0,334.0,1
2004-03-21,490.0,736.0,1
2004-03-21,430.0,812.0,1
2004-03-25,8.0,688.0,1
2004-03-25,164.0,736.0,1
2004-03-25,521.0,545.0,1
2004-03-25,606.0,749.0,1
2004-03-26,193.0,301.0,1
2004-03-26,255.0,466.0,1
2004-03-26,9.0,328.0,1
2004-03-26,703.0,812.0,1
2004-03-27,8.0,164.0,1
2004-03-27,521.0,606.0,1
2004-03-28,193.0,812.0,1
2004-03-28,255.0,328.0,1
2004-04-03,164.0,193.0,1
2004-04-03,255.0,521.0,1
2004-04-05,164.0,255.0,1
2005-03-15,6.0,514.0,1
2005-03-17,29.0,731.0,1
2005-03-17,67.0,540.0,1
2005-03-17,140.0,312.0,1
2005-03-17,260.0,792.0,1
2005-03-17,222.0,301.0,1
2005-03-17,202.0,334.0,1
2005-03-17,466.0,703.0,1
2005-03-17,482.0,522.0,1
2005-03-17,534.0,545.0,1
2005-03-17,110.0,700.0,1
2005-03-17,9.0,365.0,1
2005-03-17,704.0,732.0,1
2005-03-17,693.0,749.0,1
2005-03-17,441.0,756.0,1
2005-03-17,169.0,768.0,1
2005-03-17,8.0,797.0,1
2005-03-18,83.0,328.0,1
2005-03-18,128.0,164.0,1
2005-03-18,178.0,193.0,1
2005-03-18,235.0,519.0,1
2005-03-18,249.0,255.0,1
2005-03-18,311.0,428.0,1
2005-03-18,367.0,671.0,1
2005-03-18,416.0,523.0,1
2005-03-18,430.0,674.0,1
2005-03-18,458.0,490.0,1
2005-03-18,457.0,514.0,1
2005-03-18,521.0,655.0,1
2005-03-18,610.0,659.0,1
2005-03-18,688.0,738.0,1
2005-03-18,473.0,739.0,1
2005-03-18,504.0,796.0,1
2005-03-19,9.0,29.0,1
2005-03-19,301.0,466.0,1
2005-03-19,140.0,334.0,1
2005-03-19,260.0,700.0,1
2005-03-19,522.0,732.0,1
2005-03-19,534.0,756.0,1
2005-03-19,749.0,768.0,1
2005-03-19,67.0,797.0,1
2005-03-20,193.0,430.0,1
2005-03-20,255.0,367.0,1
2005-03-20,416.0,738.0,1
2005-03-20,164.0,490.0,1
2005-03-20,311.0,457.0,1
2005-03-20,521.0,659.0,1
2005-03-20,235.0,739.0,1
2005-03-20,83.0,796.0,1
2005-03-24,29.0,521.0,1
2005-03-24,301.0,797.0,1
2005-03-24,367.0,756.0,1
2005-03-24,700.0,768.0,1
2005-03-25,334.0,732.0,1
2005-03-25,193.0,416.0,1
2005-03-25,457.0,739.0,1
2005-03-25,490.0,796.0,1
2005-03-26,29.0,301.0,1
2005-03-26,367.0,768.0,1
2005-03-27,334.0,416.0,1
2005-03-27,457.0,796.0,1
2005-04-02,301.0,367.0,1
2005-04-02,416.0,457.0,1
2005-04-04,301.0,457.0,1
2006-03-14,270.0,439.0,1
2006-03-16,8.0,387.0,1
2006-03-16,67.0,534.0,1
2006-03-16,193.0,665.0,1
2006-03-16,235.0,646.0,1
2006-03-16,249.0,460.0,1
2006-03-16,260.0,812.0,1
2006-03-16,301.0,721.0,1
2006-03-16,306.0,626.0,1
2006-03-16,310.0,365.0,1
2006-03-16,441.0,466.0,1
2006-03-16,694.0,792.0,1
2006-03-16,688.0,697.0,1
2006-03-16,110.0,14927.0,1
2006-03-16,731.0,756.0,1
2006-03-16,522.0,797.0,1
2006-03-16,635.0,782.0,1
2006-03-17,29.0,796.0,1
2006-03-17,72.0,328.0,1
2006-03-17,31.0,83.0,1
2006-03-17,14.0,164.0,1
2006-03-17,248.0,416.0,1
2006-03-17,251.0,504.0,1
2006-03-17,9.0,334.0,1
2006-03-17,404.0,527.0,1
2006-03-17,107.0,490.0,1
2006-03-17,454.0,457.0,1
2006-03-17,312.0,508.0,1
2006-03-17,173.0,518.0,1
2006-03-17,331.0,545.0,1
2006-03-17,540.0,703.0,1
2006-03-17,439.0,739.0,1
2006-03-17,659.0,768.0,1
2006-03-18,67.0,441.0,1
2006-03-18,193.0,249.0,1
2006-03-18,235.0,797.0,1
2006-03-18,260.0,306.0,1
2006-03-18,365.0,697.0,1
2006-03-18,8.0,110.0,1
2006-03-18,301.0,756.0,1
2006-03-18,694.0,782.0,1
2006-03-19,72.0,545.0,1
2006-03-19,164.0,334.0,1
2006-03-19,248.0,457.0,1
2006-03-19,251.0,518.0,1
2006-03-19,83.0,404.0,1
2006-03-19,490.0,703.0,1
2006-03-19,29.0,739.0,1
2006-03-19,508.0,768.0,1
2006-03-23,193.0,365.0,1
2006-03-23,72.0,404.0,1
2006-03-23,703.0,768.0,1
2006-03-23,110.0,260.0,1
2006-03-24,164.0,756.0,1
2006-03-24,235.0,251.0,1
2006-03-24,248.0,782.0,1
2006-03-24,67.0,739.0,1
2006-03-25,365.0,703.0,1
2006-03-25,110.0,404.0,1
2006-03-26,235.0,739.0,1
2006-03-26,164.0,248.0,1
2006-04-01,235.0,248.0,1
2006-04-01,110.0,365.0,1
2006-04-03,110.0,235.0,1
2007-03-13,228.0,482.0,1
2007-03-15,67.0,700.0,1
2007-03-15,87.0,523.0,1
2007-03-15,251.0,14927.0,1
2007-03-15,260.0,306.0,1
2007-03-15,367.0,674.0,1
2007-03-15,173.0,392.0,1
2007-03-15,387.0,416.0,1
2007-03-15,202.0,457.0,1
2007-03-15,127.0,518.0,1
2007-03-15,545.0,810.0,1
2007-03-15,540.0,697.0,1
2007-03-15,110.0,758.0,1
2007-03-15,193.0,740.0,1
2007-03-15,249.0,736.0,1
2007-03-15,527.0,754.0,1
2007-03-15,77.0,812.0,1
2007-03-16,235.0,314.0,1
2007-03-16,328.0,482.0,1
2007-03-16,334.0,739.0,1
2007-03-16,404.0,497.0,1
2007-03-16,169.0,466.0,1
2007-03-16,414.0,529.0,1
2007-03-16,29.0,559.0,1
2007-03-16,285.0,659.0,1
2007-03-16,99.0,694.0,1
2007-03-16,472.0,703.0,1
2007-03-16,255.0,465.0,1
2007-03-16,31.0,657.0,1
2007-03-16,14.0,746.0,1
2007-03-16,301.0,742.0,1
2007-03-16,513.0,792.0,1
2007-03-16,796.0,26172.0,1
2007-03-17,87.0,392.0,1
2007-03-17,67.0,251.0,1
2007-03-17,416.0,457.0,1
2007-03-17,518.0,812.0,1
2007-03-17,545.0,740.0,1
2007-03-17,367.0,697.0,1
2007-03-17,110.0,306.0,1
2007-03-17,736.0,754.0,1
2007-03-18,235.0,559.0,1
2007-03-18,328.0,334.0,1
2007-03-18,404.0,466.0,1
2007-03-18,529.0,792.0,1
2007-03-18,659.0,742.0,1
2007-03-18,694.0,746.0,1
2007-03-18,465.0,796.0,1
2007-03-18,657.0,703.0,1
2007-03-22,328.0,659.0,1
2007-03-22,404.0,697.0,1
2007-03-22,518.0,694.0,1
2007-03-22,110.0,545.0,1
2007-03-23,87.0,235.0,1
2007-03-23,251.0,736.0,1
2007-03-23,457.0,657.0,1
2007-03-23,465.0,529.0,1
2007-03-24,404.0,518.0,1
2007-03-24,110.0,328.0,1
2007-03-25,235.0,529.0,1
2007-03-25,251.0,457.0,1
2007-03-31,110.0,235.0,1
2007-03-31,251.0,518.0,1
2007-04-02,235.0,518.0,1
2008-03-18,165.0,450.0,1
2008-03-20,193.0,14927.0,1
2008-03-20,328.0,550.0,1
2008-03-20,327.0,657.0,1
2008-03-20,334.0,387.0,1
2008-03-20,416.0,690.0,1
2008-03-20,248.0,513.0,1
2008-03-20,527.0,545.0,1
2008-03-20,51.0,559.0,1
2008-03-20,167.0,674.0,1
2008-03-20,77.0,697.0,1
2008-03-20,110.0,432.0,1
2008-03-20,331.0,465.0,1
2008-03-20,754.0,792.0,1
2008-03-20,29.0,768.0,1
2008-03-20,97.0,796.0,1
2008-03-20,257.0,812.0,1
2008-03-21,31.0,306.0,1
2008-03-21,87.0,646.0,1
2008-03-21,173.0,260.0,1
2008-03-21,251.0,391.0,1
2008-03-21,66.0,367.0,1
2008-03-21,404.0,702.0,1
2008-03-21,415.0,610.0,1
2008-03-21,430.0,529.0,1
2008-03-21,450.0,457.0,1
2008-03-21,522.0,606.0,1
2008-03-21,164.0,627.0,1
2008-03-21,639.0,736.0,1
2008-03-21,23.0,694.0,1
2008-03-21,43.0,703.0,1
2008-03-21,147.0,739.0,1
2008-03-21,189.0,772.0,1
2008-03-22,328.0,465.0,1
2008-03-22,416.0,545.0,1
2008-03-22,387.0,674.0,1
2008-03-22,110.0,697.0,1
2008-03-22,513.0,754.0,1
2008-03-22,193.0,768.0,1
2008-03-22,327.0,796.0,1
2008-03-22,559.0,812.0,1
2008-03-23,173.0,251.0,1
2008-03-23,367.0,522.0,1
2008-03-23,404.0,430.0,1
2008-03-23,31.0,457.0,1
2008-03-23,87.0,694.0,1
2008-03-23,415.0,703.0,1
2008-03-23,639.0,739.0,1
2008-03-23,627.0,772.0,1
2008-03-27,367.0,694.0,1
2008-03-27,457.0,754.0,1
2008-03-27,110.0,772.0,1
2008-03-27,768.0,812.0,1
2008-03-28,173.0,796.0,1
2008-03-28,328.0,739.0,1
2008-03-28,404.0,416.0,1
2008-03-28,674.0,703.0,1
2008-03-29,367.0,457.0,1
2008-03-29,110.0,812.0,1
2008-03-30,173.0,328.0,1
2008-03-30,404.0,703.0,1
2008-04-05,328.0,457.0,1
2008-04-05,110.0,404.0,1
2008-04-07,328.0,404.0,1
2009-03-17,7.0,444.0,1
2009-03-19,164.0,693.0,1
2009-03-19,62.0,193.0,1
2009-03-19,5.0,260.0,1
2009-03-19,87.0,365.0,1
2009-03-19,107.0,392.0,1
2009-03-19,101.0,404.0,1
2009-03-19,147.0,418.0,1
2009-03-19,457.0,563.0,1
2009-03-19,446.0,522.0,1
2009-03-19,504.0,559.0,1
2009-03-19,428.0,703.0,1
2009-03-19,77.0,697.0,1
2009-03-19,110.0,740.0,1
2009-03-19,23.0,739.0,1
2009-03-19,301.0,772.0,1
2009-03-19,430.0,756.0,1
2009-03-20,29.0,732.0,1
2009-03-20,28.0,690.0,1
2009-03-20,148.0,749.0,1
2009-03-20,175.0,768.0,1
2009-03-20,328.0,493.0,1
2009-03-20,367.0,444.0,1
2009-03-20,387.0,731.0,1
2009-03-20,416.0,579.0,1
2009-03-20,167.0,434.0,1
2009-03-20,521.0,694.0,1
2009-03-20,198.0,545.0,1
2009-03-20,518.0,639.0,1
2009-03-20,676.0,688.0,1
2009-03-20,67.0,657.0,1
2009-03-20,234.0,796.0,1
2009-03-20,550.0,812.0,1
2009-03-21,164.0,697.0,1
2009-03-21,193.0,703.0,1
2009-03-21,260.0,772.0,1
2009-03-21,392.0,404.0,1
2009-03-21,365.0,457.0,1
2009-03-21,418.0,522.0,1
2009-03-21,559.0,756.0,1
2009-03-21,110.0,739.0,1
2009-03-22,29.0,148.0,1
2009-03-22,175.0,328.0,1
2009-03-22,367.0,639.0,1
2009-03-22,416.0,657.0,1
2009-03-22,387.0,434.0,1
2009-03-22,521.0,545.0,1
2009-03-22,28.0,688.0,1
2009-03-22,796.0,812.0,1
2009-03-26,164.0,559.0,1
2009-03-26,404.0,434.0,1
2009-03-26,545.0,812.0,1
2009-03-26,193.0,739.0,1
2009-03-27,29.0,367.0,1
2009-03-27,328.0,416.0,1
2009-03-27,260.0,457.0,1
2009-03-27,522.0,688.0,1
2009-03-28,164.0,434.0,1
2009-03-28,545.0,739.0,1
2009-03-29,367.0,416.0,1
2009-03-29,457.0,522.0,1
2009-04-04,164.0,416.0,1
2009-04-04,457.0,739.0,1
2009-04-06,416.0,457.0,1
2010-03-16,792.0,2678.0,1
2010-03-18,51.0,624.0,1
2010-03-18,87.0,704.0,1
2010-03-18,77.0,235.0,1
2010-03-18,328.0,352.0,1
2010-03-18,327.0,497.0,1
2010-03-18,198.0,334.0,1
2010-03-18,454.0,736.0,1
2010-03-18,441.0,473.0,1
2010-03-18,465.0,504.0,1
2010-03-18,251.0,519.0,1
2010-03-18,513.0,523.0,1
2010-03-18,575.0,610.0,1
2010-03-18,626.0,694.0,1
2010-03-18,579.0,739.0,1
2010-03-18,703.0,749.0,1
2010-03-18,387.0,756.0,1
2010-03-19,107.0,367.0,1
2010-03-19,167.0,690.0,1
2010-03-19,193.0,2678.0,1
2010-03-19,255.0,521.0,1
2010-03-19,234.0,260.0,1
2010-03-19,288.0,392.0,1
2010-03-19,416.0,472.0,1
2010-03-19,147.0,434.0,1
2010-03-19,104.0,518.0,1
2010-03-19,514.0,545.0,1
2010-03-19,559.0,639.0,1
2010-03-19,688.0,738.0,1
2010-03-19,697.0,731.0,1
2010-03-19,446.0,768.0,1
2010-03-19,796.0,2915.0,1
2010-03-19,428.0,812.0,1
2010-03-20,51.0,523.0,1
2010-03-20,87.0,454.0,1
2010-03-20,77.0,327.0,1
2010-03-20,334.0,749.0,1
2010-03-20,328.0,504.0,1
2010-03-20,610.0,739.0,1
2010-03-20,519.0,694.0,1
2010-03-20,473.0,756.0,1
2010-03-21,167.0,796.0,1
2010-03-21,107.0,193.0,1
2010-03-21,392.0,416.0,1
2010-03-21,255.0,518.0,1
2010-03-21,559.0,697.0,1
2010-03-21,260.0,688.0,1
2010-03-21,434.0,768.0,1
2010-03-21,545.0,812.0,1
2010-03-25,87.0,688.0,1
2010-03-25,327.0,812.0,1
2010-03-25,167.0,334.0,1
2010-03-25,756.0,768.0,1
2010-03-26,51.0,610.0,1
2010-03-26,193.0,559.0,1
2010-03-26,416.0,504.0,1
2010-03-26,518.0,694.0,1
2010-03-27,87.0,327.0,1
2010-03-27,334.0,768.0,1
2010-03-28,51.0,193.0,1
2010-03-28,416.0,694.0,1
2010-04-03,87.0,416.0,1
2010-04-03,193.0,768.0,1
2010-04-05,87.0,193.0,1
2011-03-15,9.0,147.0,1
2011-03-15,32.0,456.0,1
2011-03-16,7.0,706.0,1
2011-03-16,657.0,740.0,1
2011-03-17,87.0,523.0,1
2011-03-17,77.0,2915.0,1
2011-03-17,140.0,434.0,1
2011-03-17,83.0,164.0,1
2011-03-17,104.0,235.0,1
2011-03-17,260.0,603.0,1
2011-03-17,327.0,731.0,1
2011-03-17,334.0,554.0,1
2011-03-17,367.0,444.0,1
2011-03-17,456.0,545.0,1
2011-03-17,575.0,736.0,1
2011-03-17,502.0,626.0,1
2011-03-17,539.0,690.0,1
2011-03-17,110.0,416.0,1
2011-03-17,147.0,768.0,1
2011-03-17,796.0,14927.0,1
2011-03-18,29.0,404.0,1
2011-03-18,193.0,270.0,1
2011-03-18,234.0,697.0,1
2011-03-18,248.0,739.0,1
2011-03-18,301.0,465.0,1
2011-03-18,68.0,328.0,1
2011-03-18,387.0,812.0,1
2011-03-18,418.0,694.0,1
2011-03-18,361.0,457.0,1
2011-03-18,5.0,513.0,1
2011-03-18,518.0,706.0,1
2011-03-18,559.0,617.0,1
2011-03-18,305.0,688.0,1
2011-03-18,514.0,703.0,1
2011-03-18,251.0,740.0,1
2011-03-18,257.0,756.0,1
2011-03-19,87.0,545.0,1
2011-03-19,77.0,260.0,1
2011-03-19,140.0,164.0,1
2011-03-19,110.0,235.0,1
2011-03-19,334.0,768.0,1
2011-03-19,444.0,575.0,1
2011-03-19,626.0,690.0,1
2011-03-19,327.0,796.0,1
2011-03-20,29.0,703.0,1
2011-03-20,193.0,418.0,1
2011-03-20,234.0,513.0,1
2011-03-20,301.0,328.0,1
2011-03-20,387.0,688.0,1
2011-03-20,457.0,756.0,1
2011-03-20,248.0,518.0,1
2011-03-20,559.0,740.0,1
2011-03-24,29.0,193.0,1
2011-03-24,87.0,796.0,1
2011-03-24,164.0,626.0,1
2011-03-24,77.0,235.0,1
2011-03-25,328.0,575.0,1
2011-03-25,334.0,518.0,1
2011-03-25,387.0,457.0,1
2011-03-25,234.0,740.0,1
2011-03-26,87.0,235.0,1
2011-03-26,29.0,164.0,1
2011-03-27,334.0,457.0,1
2011-03-27,328.0,740.0,1
2011-04-02,87.0,740.0,1
2011-04-02,164.0,334.0,1
2011-04-04,87.0,164.0,1
2012-03-13,77.0,310.0,1
2012-03-13,432.0,772.0,1
2012-03-14,107.0,651.0,1
2012-03-14,346.0,738.0,1
2012-03-15,51.0,649.0,1
2012-03-15,157.0,465.0,1
2012-03-15,260.0,768.0,1
2012-03-15,306.0,472.0,1
2012-03-15,164.0,311.0,1
2012-03-15,327.0,664.0,1
2012-03-15,334.0,772.0,1
2012-03-15,173.0,367.0,1
2012-03-15,77.0,387.0,1
2012-03-15,156.0,454.0,1
2012-03-15,99.0,473.0,1
2012-03-15,369.0,518.0,1
2012-03-15,456.0,688.0,1
2012-03-15,740.0,782.0,1
2012-03-15,275.0,736.0,1
2012-03-15,441.0,796.0,1
2012-03-16,140.0,703.0,1
2012-03-16,8.0,169.0,1
2012-03-16,235.0,746.0,1
2012-03-16,234.0,596.0,1
2012-03-16,251.0,14927.0,1
2012-03-16,184.0,328.0,1
2012-03-16,193.0,352.0,1
2012-03-16,361.0,416.0,1
2012-03-16,490.0,626.0,1
2012-03-16,434.0,485.0,1
2012-03-16,457.0,738.0,1
2012-03-16,418.0,519.0,1
2012-03-16,559.0,610.0,1
2012-03-16,651.0,690.0,1
2012-03-16,404.0,609.0,1
2012-03-16,513.0,812.0,1
2012-03-17,51.0,157.0,1
2012-03-17,306.0,740.0,1
2012-03-17,311.0,334.0,1
2012-03-17,367.0,473.0,1
2012-03-17,387.0,454.0,1
2012-03-17,260.0,518.0,1
2012-03-17,327.0,688.0,1
2012-03-17,736.0,796.0,1
2012-03-18,140.0,234.0,1
2012-03-18,235.0,485.0,1
2012-03-18,328.0,559.0,1
2012-03-18,416.0,609.0,1
2012-03-18,251.0,490.0,1
2012-03-18,169.0,457.0,1
2012-03-18,519.0,651.0,1
2012-03-18,352.0,812.0,1
2012-03-22,235.0,387.0,1
2012-03-22,367.0,416.0,1
2012-03-22,140.0,518.0,1
2012-03-22,688.0,796.0,1
2012-03-23,51.0,812.0,1
2012-03-23,328.0,490.0,1
2012-03-23,306.0,334.0,1
2012-03-23,457.0,519.0,1
2012-03-24,235.0,367.0,1
2012-03-24,518.0,688.0,1
2012-03-25,328.0,457.0,1
2012-03-25,51.0,334.0,1
2012-03-31,328.0,518.0,1
2012-03-31,334.0,367.0,1
2012-04-02,328.0,334.0,1
2013-03-19,355.0,488.0,1
2013-03-19,419.0,610.0,1
2013-03-20,317.0,361.0,1
2013-03-20,66.0,340.0,1
2013-03-21,29.0,14927.0,1
2013-03-21,83.0,87.0,1
2013-03-21,107.0,465.0,1
2013-03-21,156.0,434.0,1
2013-03-21,260.0,665.0,1
2013-03-21,275.0,473.0,1
2013-03-21,367.0,488.0,1
2013-03-21,173.0,387.0,1
2013-03-21,404.0,610.0,1
2013-03-21,418.0,649.0,1
2013-03-21,416.0,735.0,1
2013-03-21,521.0,529.0,1
2013-03-21,472.0,609.0,1
2013-03-21,441.0,688.0,1
2013-03-21,5.0,740.0,1
2013-03-21,545.0,782.0,1
2013-03-22,140.0,169.0,1
2013-03-22,14.0,193.0,1
2013-03-22,251.0,28755.0,1
2013-03-22,235.0,508.0,1
2013-03-22,157.0,301.0,1
2013-03-22,306.0,317.0,1
2013-03-22,311.0,513.0,1
2013-03-22,328.0,772.0,1
2013-03-22,327.0,340.0,1
2013-03-22,415.0,534.0,1
2013-03-22,110.0,428.0,1
2013-03-22,433.0,796.0,1
2013-03-22,457.0,739.0,1
2013-03-22,310.0,518.0,1
2013-03-22,522.0,626.0,1
2013-03-22,490.0,690.0,1
2013-03-23,29.0,275.0,1
2013-03-23,156.0,367.0,1
2013-03-23,87.0,387.0,1
2013-03-23,418.0,740.0,1
2013-03-23,404.0,416.0,1
2013-03-23,529.0,609.0,1
2013-03-23,107.0,688.0,1
2013-03-23,260.0,782.0,1
2013-03-24,169.0,193.0,1
2013-03-24,626.0,28755.0,1
2013-03-24,235.0,428.0,1
2013-03-24,306.0,690.0,1
2013-03-24,328.0,457.0,1
2013-03-24,340.0,433.0,1
2013-03-24,301.0,415.0,1
2013-03-24,311.0,518.0,1
2013-03-28,387.0,415.0,1
2013-03-28,29.0,518.0,1
2013-03-28,306.0,688.0,1
2013-03-28,340.0,782.0,1
2013-03-29,193.0,416.0,1
2013-03-29,235.0,28755.0,1
2013-03-29,367.0,529.0,1
2013-03-29,328.0,418.0,1
2013-03-30,387.0,688.0,1
2013-03-30,518.0,782.0,1
2013-03-31,193.0,367.0,1
2013-03-31,235.0,418.0,1
2013-04-06,367.0,782.0,1
2013-04-06,418.0,688.0,1
2013-04-08,367.0,418.0,1
2014-03-18,14.0,450.0,1
2014-03-18,490.0,812.0,1
2014-03-19,90.0,699.0,1
2014-03-19,312.0,694.0,1
2014-03-20,164.0,606.0,1
2014-03-20,175.0,518.0,1
2014-03-20,14.0,235.0,1
2014-03-20,140.0,275.0,1
2014-03-20,367.0,381.0,1
2014-03-20,418.0,2915.0,1
2014-03-20,180.0,416.0,1
2014-03-20,493.0,522.0,1
2014-03-20,77.0,529.0,1
2014-03-20,157.0,545.0,1
2014-03-20,472.0,626.0,1
2014-03-20,490.0,609.0,1
2014-03-20,688.0,774.0,1
2014-03-20,28.0,703.0,1
2014-03-20,739.0,797.0,1
2014-03-20,23.0,796.0,1
2014-03-21,29.0,758.0,1
2014-03-21,51.0,463.0,1
2014-03-21,169.0,671.0,1
2014-03-21,260.0,521.0,1
2014-03-21,311.0,489.0,1
2014-03-21,202.0,328.0,1
2014-03-21,327.0,334.0,1
2014-03-21,249.0,404.0,1
2014-03-21,193.0,406.0,1
2014-03-21,457.0,556.0,1
2014-03-21,676.0,740.0,1
2014-03-21,473.0,674.0,1
2014-03-21,400.0,694.0,1
2014-03-21,110.0,719.0,1
2014-03-21,149.0,746.0,1
2014-03-21,90.0,782.0,1
2014-03-22,164.0,739.0,1
2014-03-22,175.0,688.0,1
2014-03-22,235.0,545.0,1
2014-03-22,367.0,609.0,1
2014-03-22,418.0,703.0,1
2014-03-22,275.0,416.0,1
2014-03-22,493.0,626.0,1
2014-03-22,529.0,796.0,1
2014-03-23,29.0,260.0,1
2014-03-23,51.0,169.0,1
2014-03-23,311.0,457.0,1
2014-03-23,334.0,782.0,1
2014-03-23,328.0,674.0,1
2014-03-23,406.0,694.0,1
2014-03-23,110.0,676.0,1
2014-03-23,404.0,746.0,1
2014-03-27,29.0,626.0,1
2014-03-27,175.0,674.0,1
2014-03-27,110.0,235.0,1
2014-03-27,51.0,796.0,1
2014-03-28,164.0,311.0,1
2014-03-28,334.0,367.0,1
2014-03-28,418.0,694.0,1
2014-03-28,416.0,746.0,1
2014-03-29,175.0,235.0,1
2014-03-29,29.0,796.0,1
2014-03-30,164.0,416.0,1
2014-03-30,334.0,418.0,1
2014-04-05,164.0,235.0,1
2014-04-05,334.0,796.0,1
2014-04-07,164.0,334.0,1
2015-03-17,270.0,381.0,1
2015-03-17,77.0,433.0,1
2015-03-18,66.0,175.0,1
2015-03-18,579.0,2711.0,1
2015-03-19,29.0,699.0,1
2015-03-19,31.0,2915.0,1
2015-03-19,87.0,703.0,1
2015-03-19,140.0,559.0,1
2015-03-19,207.0,251.0,1
2015-03-19,51.0,254.0,1
2015-03-19,270.0,334.0,1
2015-03-19,365.0,490.0,1
2015-03-19,275.0,457.0,1
2015-03-19,500.0,513.0,1
2015-03-19,518.0,740.0,1
2015-03-19,9.0,311.0,1
2015-03-19,110.0,663.0,1
2015-03-19,676.0,732.0,1
2015-03-19,342.0,739.0,1
2015-03-19,433.0,812.0,1
2015-03-20,175.0,556.0,1
2015-03-20,193.0,579.0,1
2015-03-20,260.0,493.0,1
2015-03-20,173.0,312.0,1
2015-03-20,328.0,472.0,1
2015-03-20,109.0,367.0,1
2015-03-20,392.0,735.0,1
2015-03-20,257.0,416.0,1
2015-03-20,504.0,811.0,1
2015-03-20,14.0,522.0,1
2015-03-20,521.0,529.0,1
2015-03-20,603.0,626.0,1
2015-03-20,746.0,14927.0,1
2015-03-20,86.0,768.0,1
2015-03-20,306.0,782.0,1
2015-03-20,149.0,796.0,1
2015-03-21,29.0,518.0,1
2015-03-21,140.0,334.0,1
2015-03-21,490.0,739.0,1
2015-03-21,31.0,457.0,1
2015-03-21,87.0,513.0,1
2015-03-21,9.0,110.0,1
2015-03-21,251.0,732.0,1
2015-03-21,254.0,812.0,1
2015-03-22,193.0,626.0,1
2015-03-22,260.0,312.0,1
2015-03-22,367.0,504.0,1
2015-03-22,416.0,746.0,1
2015-03-22,175.0,522.0,1
2015-03-22,392.0,768.0,1
2015-03-22,328.0,782.0,1
2015-03-22,529.0,796.0,1
2015-03-26,29.0,812.0,1
2015-03-26,334.0,768.0,1
2015-03-26,513.0,782.0,1
2015-03-26,457.0,796.0,1
2015-03-27,193.0,732.0,1
2015-03-27,110.0,260.0,1
2015-03-27,367.0,490.0,1
2015-03-27,416.0,522.0,1
2015-03-28,334.0,513.0,1
2015-03-28,29.0,796.0,1
2015-03-29,193.0,260.0,1
2015-03-29,367.0,416.0,1
2015-04-04,193.0,416.0,1
2015-04-04,334.0,796.0,1
2015-04-06,193.0,796.0,1
2016-03-15,222.0,28755.0,1
2016-03-15,736.0,782.0,1
2016-03-16,285.0,665.0,1
2016-03-16,418.0,719.0,1
2016-03-17,32.0,559.0,1
2016-03-17,87.0,700.0,1
2016-03-17,157.0,164.0,1
2016-03-17,193.0,460.0,1
2016-03-17,260.0,635.0,1
2016-03-17,306.0,693.0,1
2016-03-17,310.0,311.0,1
2016-03-17,43.0,328.0,1
2016-03-17,334.0,683.0,1
2016-03-17,86.0,415.0,1
2016-03-17,457.0,28755.0,1
2016-03-17,556.0,657.0,1
2016-03-17,96.0,732.0,1
2016-03-17,270.0,746.0,1
2016-03-17,29.0,782.0,1
2016-03-17,51.0,813.0,1
2016-03-18,107.0,277.0,1
2016-03-18,312.0,690.0,1
2016-03-18,392.0,649.0,1
2016-03-18,416.0,419.0,1
2016-03-18,504.0,703.0,1
2016-03-18,418.0,513.0,1
2016-03-18,94.0,522.0,1
2016-03-18,285.0,529.0,1
2016-03-18,676.0,768.0,1
2016-03-18,140.0,606.0,1
2016-03-18,175.0,688.0,1
2016-03-18,697.0,794.0,1
2016-03-18,528.0,740.0,1
2016-03-18,456.0,739.0,1
2016-03-18,545.0,796.0,1
2016-03-18,758.0,812.0,1
2016-03-19,193.0,813.0,1
2016-03-19,260.0,732.0,1
2016-03-19,306.0,334.0,1
2016-03-19,32.0,311.0,1
2016-03-19,164.0,328.0,1
2016-03-19,415.0,782.0,1
2016-03-19,457.0,556.0,1
2016-03-19,87.0,746.0,1
2016-03-20,277.0,392.0,1
2016-03-20,513.0,676.0,1
2016-03-20,522.0,740.0,1
2016-03-20,529.0,606.0,1
2016-03-20,419.0,688.0,1
2016-03-20,504.0,697.0,1
2016-03-20,312.0,739.0,1
2016-03-20,796.0,812.0,1
2016-03-24,328.0,392.0,1
2016-03-24,522.0,697.0,1
2016-03-24,193.0,529.0,1
2016-03-24,415.0,739.0,1
2016-03-25,306.0,457.0,1
2016-03-25,513.0,796.0,1
2016-03-25,260.0,688.0,1
2016-03-25,311.0,746.0,1
2016-03-26,522.0,529.0,1
2016-03-26,328.0,739.0,1
2016-03-27,457.0,513.0,1
2016-03-27,688.0,746.0,1
2016-04-02,457.0,688.0,1
2016-04-02,522.0,739.0,1
2016-04-04,457.0,739.0,1
2017-03-14,327.0,749.0,1
2017-03-14,450.0,474.0,1
2017-03-15,108.0,489.0,1
2017-03-15,556.0,657.0,1
2017-03-16,29.0,494.0,1
2017-03-16,87.0,792.0,1
2017-03-16,198.0,235.0,1
2017-03-16,234.0,28755.0,1
2017-03-16,260.0,649.0,1
2017-03-16,311.0,466.0,1
2017-03-16,419.0,428.0,1
2017-03-16,509.0,736.0,1
2017-03-16,513.0,554.0,1
2017-03-16,559.0,738.0,1
2017-03-16,610.0,740.0,1
2017-03-16,450.0,739.0,1
2017-03-16,460.0,746.0,1
2017-03-16,83.0,768.0,1
2017-03-16,742.0,796.0,1
2017-03-16,392.0,812.0,1
2017-03-17,31.0,635.0,1
2017-03-17,51.0,472.0,1
2017-03-17,140.0,327.0,1
2017-03-17,193.0,716.0,1
2017-03-17,108.0,328.0,1
2017-03-17,334.0,505.0,1
2017-03-17,315.0,367.0,1
2017-03-17,418.0,521.0,1
2017-03-17,415.0,416.0,1
2017-03-17,457.0,699.0,1
2017-03-17,310.0,529.0,1
2017-03-17,169.0,572.0,1
2017-03-17,387.0,648.0,1
2017-03-17,110.0,331.0,1
2017-03-17,657.0,663.0,1
2017-03-17,175.0,782.0,1
2017-03-18,29.0,610.0,1
2017-03-18,87.0,419.0,1
2017-03-18,235.0,746.0,1
2017-03-18,260.0,509.0,1
2017-03-18,311.0,559.0,1
2017-03-18,513.0,768.0,1
2017-03-18,739.0,796.0,1
2017-03-18,234.0,812.0,1
2017-03-19,51.0,657.0,1
2017-03-19,328.0,416.0,1
2017-03-19,334.0,782.0,1
2017-03-19,367.0,418.0,1
2017-03-19,31.0,457.0,1
2017-03-19,529.0,572.0,1
2017-03-19,193.0,648.0,1
2017-03-19,110.0,140.0,1
2017-03-23,260.0,768.0,1
2017-03-23,328.0,559.0,1
2017-03-23,418.0,529.0,1
2017-03-23,29.0,812.0,1
2017-03-24,235.0,796.0,1
2017-03-24,110.0,334.0,1
2017-03-24,87.0,457.0,1
2017-03-24,51.0,648.0,1
2017-03-25,260.0,812.0,1
2017-03-25,328.0,529.0,1
2017-03-26,334.0,457.0,1
2017-03-26,235.0,648.0,1
2017-04-01,260.0,648.0,1
2017-04-01,457.0,529.0,1
2017-04-03,260.0,457.0,1
